"First Name","Last Name","Gender","Age","Email","Phone","Education","Occupation","Experience (Years)","Salary","Marital Status","Number of Children"
"Caroline","Smith","Female","22","c.smith@randatmail.com","361-6183-61","Bachelor","Composer","9","3193","Single","3"
"Joyce","Fowler","Female","19","j.fowler@randatmail.com","066-3198-73","Bachelor","Aeroplane Pilot","9","9106","Single","2"
"Evelyn","Spencer","Female","30","e.spencer@randatmail.com","237-1021-54","Primary","Archeologist","5","4342","Married","3"
"Daisy","Douglas","Female","26","d.douglas@randatmail.com","447-8511-08","Master","Interior Designer","13","4630","Single","1"
"Byron","Campbell","Male","23","b.campbell@randatmail.com","699-4673-26","Bachelor","Pharmacist","0","9464","Single","4"
"Edwin","Lloyd","Male","18","e.lloyd@randatmail.com","342-5537-38","Master","Historian","0","3928","Married","4"
"Maya","Robinson","Female","25","m.robinson@randatmail.com","012-0039-58","Doctoral","Florist","12","7117","Married","2"
"Edward","Moore","Male","21","e.moore@randatmail.com","653-0607-11","Bachelor","Veterinarian","1","3672","Single","0"
"Darcy","Hamilton","Female","29","d.hamilton@randatmail.com","028-4937-82","Doctoral","Baker","1","8256","Married","4"
"Ryan","Holmes","Male","25","r.holmes@randatmail.com","847-7624-67","Bachelor","Chemist","1","8508","Married","4"
"Andrew","Jones","Male","26","a.jones@randatmail.com","195-5423-39","Master","Medic","11","6952","Married","2"
"Alford","Cameron","Male","30","a.cameron@randatmail.com","451-8995-37","Lower secondary","Auditor","11","7706","Single","1"
"Penelope","Watson","Female","27","p.watson@randatmail.com","012-8924-56","Lower secondary","Manager","0","1669","Single","2"
"Camila","Rogers","Female","26","c.rogers@randatmail.com","543-1434-31","Lower secondary","Astronomer","9","9775","Single","3"
"Tara","Hill","Female","23","t.hill@randatmail.com","363-6155-05","Upper secondary","Scientist","5","7935","Married","1"
"Belinda","Hunt","Female","28","b.hunt@randatmail.com","633-3646-45","Doctoral","Biochemist","12","2909","Married","3"
"Dainton","Ryan","Male","22","d.ryan@randatmail.com","220-1075-90","Master","Composer","4","2805","Married","2"
"Sydney","Walker","Female","27","s.walker@randatmail.com","387-3351-92","Master","Police Officer","5","2159","Married","4"
"Adelaide","Johnson","Female","29","a.johnson@randatmail.com","962-6676-77","Doctoral","Manager","9","2066","Single","5"
"Roman","Murray","Male","27","r.murray@randatmail.com","842-4053-17","Master","Lecturer","11","8908","Single","1"
"Bruce","Campbell","Male","25","b.campbell@randatmail.com","888-5554-78","Doctoral","Lawer","8","8039","Single","1"
"Lucy","Riley","Female","27","l.riley@randatmail.com","852-4137-20","Master","Lecturer","4","3256","Single","0"
"Cherry","Turner","Female","26","c.turner@randatmail.com","261-7415-32","Primary","Chef","9","1531","Single","0"
"Paul","Myers","Male","27","p.myers@randatmail.com","266-0959-05","Bachelor","Fashion Designer","10","2531","Married","3"
"Vivian","Perry","Female","23","v.perry@randatmail.com","677-7858-31","Master","Carpenter","4","8884","Married","2"
"Carlos","Watson","Male","25","c.watson@randatmail.com","302-5557-53","Bachelor","Agronomist","2","6734","Married","2"
"Alina","Reed","Female","21","a.reed@randatmail.com","431-3511-08","Doctoral","Electrician","0","8318","Married","3"
"Reid","Harrison","Male","23","r.harrison@randatmail.com","349-8394-56","Primary","Salesman","10","5581","Single","0"
"Nicole","Harris","Female","23","n.harris@randatmail.com","487-1270-33","Lower secondary","Economist","4","6266","Married","1"
"Jenna","Riley","Female","24","j.riley@randatmail.com","072-1138-43","Bachelor","Producer","6","6013","Single","1"
"Belinda","Spencer","Female","30","b.spencer@randatmail.com","778-2775-86","Bachelor","Composer","2","1135","Single","4"
"Abigail","Montgomery","Female","27","a.montgomery@randatmail.com","822-2516-46","Upper secondary","Jeweller","4","2289","Married","3"
"Sawyer","Anderson","Male","30","s.anderson@randatmail.com","772-8043-62","Primary","Carpenter","5","6621","Married","5"
"Vivian","Armstrong","Female","29","v.armstrong@randatmail.com","223-2311-99","Primary","Architect","14","1379","Married","0"
"Jordan","Murray","Male","19","j.murray@randatmail.com","185-6310-31","Master","Architect","3","7441","Single","4"
"Robert","Casey","Male","21","r.casey@randatmail.com","466-1047-85","Lower secondary","Teacher","1","5519","Married","5"
"Joyce","Russell","Female","24","j.russell@randatmail.com","186-5175-09","Bachelor","Police Officer","1","8580","Single","5"
"Miley","Higgins","Female","24","m.higgins@randatmail.com","689-6872-39","Primary","Police Officer","7","1690","Married","5"
"Agata","Montgomery","Female","19","a.montgomery@randatmail.com","780-8200-26","Master","Auditor","2","2688","Married","0"
"Maria","Perry","Female","20","m.perry@randatmail.com","085-8054-10","Master","Economist","8","5707","Married","2"
"Chloe","Crawford","Female","20","c.crawford@randatmail.com","754-1069-39","Primary","Botanist","8","789","Married","3"
"Clark","Gibson","Male","24","c.gibson@randatmail.com","023-6337-61","Upper secondary","Physicist","5","9971","Married","0"
"Aida","Bennett","Female","29","a.bennett@randatmail.com","745-4934-85","Doctoral","Botanist","0","1125","Single","0"
"Harold","Gray","Male","20","h.gray@randatmail.com","393-5948-68","Bachelor","Electrician","1","1988","Single","5"
"Sarah","Henderson","Female","30","s.henderson@randatmail.com","883-0472-63","Primary","Agronomist","10","7121","Married","5"
"Heather","Wright","Female","28","h.wright@randatmail.com","711-2800-50","Primary","Physicist","6","4116","Single","1"
"Camila","Sullivan","Female","28","c.sullivan@randatmail.com","604-6934-83","Master","Meteorologist","12","7918","Single","3"
"Alan","Harper","Male","21","a.harper@randatmail.com","515-4666-12","Doctoral","Aeroplane Pilot","2","7348","Married","3"
"Amelia","Kelley","Female","20","a.kelley@randatmail.com","025-6393-49","Master","Engineer","2","8459","Single","5"
"Stuart","Rogers","Male","21","s.rogers@randatmail.com","062-0730-58","Master","Carpenter","6","959","Single","2"
"Tess","Warren","Female","29","t.warren@randatmail.com","141-6099-08","Lower secondary","Firefighter","0","3966","Single","1"
"Madaline","Gray","Female","30","m.gray@randatmail.com","355-5245-38","Upper secondary","Cook","4","1809","Single","2"
"Mary","Parker","Female","25","m.parker@randatmail.com","558-3872-89","Master","Fine Artist","2","3427","Married","0"
"Jacob","Armstrong","Male","24","j.armstrong@randatmail.com","009-7703-96","Master","Lawer","6","6951","Single","4"
"Kelsey","Lloyd","Female","21","k.lloyd@randatmail.com","160-6501-59","Lower secondary","Electrician","3","3275","Single","4"
"Valeria","Dixon","Female","29","v.dixon@randatmail.com","713-7858-93","Bachelor","Police Officer","13","5042","Single","5"
"Savana","Higgins","Female","19","s.higgins@randatmail.com","053-3403-46","Primary","Engineer","6","1199","Single","2"
"Eddy","Barnes","Male","24","e.barnes@randatmail.com","833-0420-20","Lower secondary","Pharmacist","7","4755","Single","3"
"Tyler","Elliott","Male","19","t.elliott@randatmail.com","251-7164-15","Bachelor","Fashion Designer","4","3978","Married","0"
"Roland","Williams","Male","20","r.williams@randatmail.com","418-8557-10","Bachelor","Agronomist","5","9590","Married","4"
"Dale","Casey","Male","24","d.casey@randatmail.com","723-7088-23","Bachelor","Chemist","12","2549","Single","3"
"Myra","Roberts","Female","24","m.roberts@randatmail.com","428-4142-26","Bachelor","Engineer","12","8592","Married","3"
"Sophia","Cole","Female","18","s.cole@randatmail.com","373-4251-20","Primary","Auditor","7","1758","Single","5"
"Lana","Wilson","Female","22","l.wilson@randatmail.com","382-0982-57","Doctoral","Jeweller","9","5931","Married","2"
"Justin","Williams","Male","29","j.williams@randatmail.com","662-0572-10","Upper secondary","Carpenter","1","6245","Single","3"
"Lilianna","Bennett","Female","23","l.bennett@randatmail.com","918-4388-04","Lower secondary","Accountant","1","2828","Single","4"
"Aston","Barnes","Male","29","a.barnes@randatmail.com","870-4771-20","Primary","Dancer","3","669","Single","1"
"Dominik","Edwards","Male","20","d.edwards@randatmail.com","137-5918-46","Upper secondary","Graphic Designer","7","8894","Married","3"
"Henry","Moore","Male","22","h.moore@randatmail.com","831-0843-15","Lower secondary","Electrician","9","6952","Married","1"
"Cherry","Barnes","Female","25","c.barnes@randatmail.com","132-8971-80","Upper secondary","Pharmacist","3","3236","Single","0"
"Julian","Morrison","Male","22","j.morrison@randatmail.com","286-5323-99","Bachelor","Driver","3","3061","Married","4"
"Julian","Walker","Male","28","j.walker@randatmail.com","955-5944-31","Primary","Dancer","14","3789","Single","0"
"Frederick","Armstrong","Male","30","f.armstrong@randatmail.com","417-1428-90","Doctoral","Producer","12","4690","Single","3"
"Cherry","Owens","Female","29","c.owens@randatmail.com","861-2802-84","Lower secondary","Physicist","12","6703","Single","0"
"Freddie","Stevens","Male","28","f.stevens@randatmail.com","463-1118-03","Primary","Mathematician","12","9262","Married","2"
"Eddy","Morris","Male","21","e.morris@randatmail.com","619-2159-65","Lower secondary","Baker","2","9167","Single","4"
"Kelsey","Morgan","Female","25","k.morgan@randatmail.com","443-6195-43","Lower secondary","Fine Artist","12","907","Married","3"
"Madaline","Carroll","Female","23","m.carroll@randatmail.com","723-1073-46","Bachelor","Engineer","7","2477","Married","4"
"Kristian","Crawford","Male","22","k.crawford@randatmail.com","845-3350-75","Master","Geologist","4","845","Married","5"
"Tony","Myers","Male","26","t.myers@randatmail.com","265-1810-03","Doctoral","Accountant","13","720","Single","4"
"Ted","Thompson","Male","23","t.thompson@randatmail.com","228-8012-96","Upper secondary","Social Worker","4","4160","Single","1"
"Alan","Clark","Male","30","a.clark@randatmail.com","229-9439-00","Upper secondary","Veterinarian","10","6523","Single","3"
"Maximilian","Baker","Male","19","m.baker@randatmail.com","580-7940-83","Primary","Firefighter","9","6722","Married","1"
"Lucia","Chapman","Female","22","l.chapman@randatmail.com","605-7253-47","Master","Journalist","4","6946","Single","5"
"Alexander","Taylor","Male","20","a.taylor@randatmail.com","425-5427-21","Lower secondary","Chef","3","5746","Married","1"
"Gianna","Harrison","Female","23","g.harrison@randatmail.com","755-9630-68","Master","Police Officer","5","4309","Single","0"
"Abigail","Craig","Female","24","a.craig@randatmail.com","616-3215-04","Lower secondary","Auditor","1","1248","Married","5"
"Harold","Grant","Male","28","h.grant@randatmail.com","627-9342-61","Lower secondary","Electrician","14","3477","Single","4"
"Julia","Hunt","Female","21","j.hunt@randatmail.com","503-1637-56","Upper secondary","Singer","2","5335","Married","2"
"Bruce","Roberts","Male","19","b.roberts@randatmail.com","341-2403-05","Primary","Graphic Designer","4","7091","Married","3"
"Kirsten","Sullivan","Female","18","k.sullivan@randatmail.com","132-9360-04","Bachelor","Mechanic","4","5058","Married","5"
"Tess","Wells","Female","18","t.wells@randatmail.com","205-7366-58","Bachelor","Composer","3","8508","Single","4"
"Violet","Hall","Female","18","v.hall@randatmail.com","368-5509-51","Master","Graphic Designer","5","3820","Single","4"
"James","Johnston","Male","23","j.johnston@randatmail.com","323-1913-48","Master","Accountant","5","6547","Married","4"
"Kate","Fowler","Female","19","k.fowler@randatmail.com","951-5076-45","Master","Geologist","8","2974","Single","5"
"Adrianna","Johnson","Female","24","a.johnson@randatmail.com","790-2830-52","Doctoral","Hairdresser","7","4952","Single","3"
"Amelia","Barrett","Female","27","a.barrett@randatmail.com","121-2699-29","Lower secondary","Manager","9","6107","Single","3"
"Hailey","Morgan","Female","24","h.morgan@randatmail.com","389-7155-39","Upper secondary","Lawer","1","7773","Married","3"
"John","Owens","Male","25","j.owens@randatmail.com","222-3865-71","Lower secondary","Agronomist","1","7451","Married","2"
"Owen","Robinson","Male","28","o.robinson@randatmail.com","276-7893-92","Master","Interior Designer","4","2139","Single","4"
"Caroline","Higgins","Female","27","c.higgins@randatmail.com","552-8752-47","Doctoral","Engineer","11","568","Single","1"
"Eric","Nelson","Male","29","e.nelson@randatmail.com","491-6865-45","Upper secondary","Engineer","3","1198","Married","5"
"Nicole","Henderson","Female","28","n.henderson@randatmail.com","469-8126-95","Upper secondary","Accountant","11","9705","Married","4"
"Oscar","Taylor","Male","29","o.taylor@randatmail.com","509-5463-01","Primary","Insurer","8","3032","Married","0"
"Sarah","Moore","Female","24","s.moore@randatmail.com","827-8451-11","Master","Driver","6","3417","Married","1"
"Edith","Hamilton","Female","18","e.hamilton@randatmail.com","977-5900-30","Lower secondary","Agronomist","4","8897","Married","1"
"Walter","Chapman","Male","23","w.chapman@randatmail.com","377-3426-92","Upper secondary","Chef","6","3154","Single","1"
"Kevin","Hall","Male","22","k.hall@randatmail.com","796-4516-57","Primary","Composer","7","3489","Single","5"
"Adrian","Wright","Male","27","a.wright@randatmail.com","264-4148-64","Doctoral","Chemist","7","8118","Single","1"
"Sydney","Barrett","Female","25","s.barrett@randatmail.com","409-3773-10","Doctoral","Aeroplane Pilot","10","7686","Single","3"
"Jordan","Smith","Male","18","j.smith@randatmail.com","804-5697-21","Lower secondary","Engineer","0","1451","Married","2"
"Byron","Hill","Male","23","b.hill@randatmail.com","326-9388-86","Primary","Mechanic","7","3452","Married","3"
"Lily","Owens","Female","26","l.owens@randatmail.com","878-6148-41","Lower secondary","Chemist","0","4999","Married","4"
"Oscar","Scott","Male","25","o.scott@randatmail.com","431-2573-18","Bachelor","Lawer","8","7011","Single","2"
"Owen","Ryan","Male","23","o.ryan@randatmail.com","215-0414-37","Lower secondary","Biochemist","10","7023","Married","5"
"Darcy","Harper","Female","23","d.harper@randatmail.com","304-6347-13","Bachelor","Graphic Designer","5","2468","Married","5"
"Ned","Lloyd","Male","30","n.lloyd@randatmail.com","662-9993-10","Bachelor","Accountant","13","1193","Single","0"
"Lana","Phillips","Female","23","l.phillips@randatmail.com","803-6491-06","Lower secondary","Producer","5","5773","Single","0"
"Connie","Crawford","Female","19","c.crawford@randatmail.com","707-5355-41","Doctoral","Carpenter","6","6914","Married","4"
"Jenna","Grant","Female","19","j.grant@randatmail.com","221-0425-20","Primary","Architect","9","8521","Married","1"
"Sofia","Morgan","Female","21","s.morgan@randatmail.com","172-6411-02","Primary","Interior Designer","0","1577","Married","0"
"Justin","Henderson","Male","28","j.henderson@randatmail.com","474-9656-11","Primary","Aeroplane Pilot","14","4453","Married","2"
"Edgar","Foster","Male","20","e.foster@randatmail.com","269-3548-93","Doctoral","Engineer","10","8622","Single","1"
"Max","Hunt","Male","19","m.hunt@randatmail.com","652-8311-52","Bachelor","Lecturer","3","3145","Single","2"
"Tess","Turner","Female","19","t.turner@randatmail.com","382-4852-05","Bachelor","Social Worker","9","4828","Married","2"
"Abraham","Miller","Male","30","a.miller@randatmail.com","464-2788-49","Doctoral","Mechanic","9","2703","Single","2"
"Ryan","Wilson","Male","20","r.wilson@randatmail.com","819-8257-55","Master","Salesman","3","3491","Single","5"
"Abraham","Thomas","Male","21","a.thomas@randatmail.com","581-4345-53","Primary","Police Officer","10","2522","Married","2"
"Sawyer","Morris","Male","22","s.morris@randatmail.com","304-2751-44","Doctoral","Police Officer","0","1593","Married","0"
"Amelia","Riley","Female","25","a.riley@randatmail.com","514-1744-26","Lower secondary","Scientist","0","3086","Married","0"
"Paige","Roberts","Female","26","p.roberts@randatmail.com","900-7495-75","Master","Firefighter","4","4516","Married","4"
"Harold","Hall","Male","26","h.hall@randatmail.com","016-8398-25","Upper secondary","Aeroplane Pilot","6","669","Single","3"
"Lucy","Taylor","Female","27","l.taylor@randatmail.com","724-3461-94","Lower secondary","Historian","2","615","Married","3"
"Jack","Richards","Male","24","j.richards@randatmail.com","537-0648-69","Primary","Firefighter","4","9294","Married","3"
"Lilianna","Carter","Female","22","l.carter@randatmail.com","592-4594-77","Master","Accountant","9","2467","Single","3"
"Tiana","Kelley","Female","20","t.kelley@randatmail.com","482-8276-38","Lower secondary","Agronomist","8","7905","Married","2"
"Thomas","Wilson","Male","19","t.wilson@randatmail.com","001-6272-04","Doctoral","Auditor","8","1137","Married","3"
"Arianna","Jones","Female","28","a.jones@randatmail.com","729-0411-00","Lower secondary","Astronomer","13","1013","Single","3"
"Tyler","Russell","Male","30","t.russell@randatmail.com","347-9952-48","Master","Biochemist","8","2682","Married","2"
"Rebecca","Baker","Female","22","r.baker@randatmail.com","801-9905-53","Lower secondary","Medic","8","4890","Married","5"
"Ryan","Walker","Male","29","r.walker@randatmail.com","586-8504-70","Lower secondary","Baker","2","640","Single","1"
"Michelle","Kelly","Female","22","m.kelly@randatmail.com","966-3972-69","Primary","Economist","5","4387","Single","4"
"Adam","Edwards","Male","25","a.edwards@randatmail.com","924-9862-04","Doctoral","Actor","6","1066","Married","1"
"Jack","Fowler","Male","27","j.fowler@randatmail.com","452-0747-27","Upper secondary","Meteorologist","9","6063","Married","4"
"Kimberly","Ross","Female","20","k.ross@randatmail.com","510-3965-04","Master","Interior Designer","6","4543","Married","0"
"Brad","Martin","Male","29","b.martin@randatmail.com","170-2820-36","Upper secondary","Programmer","1","8477","Single","3"
"Alan","Gibson","Male","21","a.gibson@randatmail.com","394-6025-58","Doctoral","Lecturer","6","3402","Married","5"
"Ada","Hamilton","Female","26","a.hamilton@randatmail.com","086-0171-36","Primary","Meteorologist","3","7032","Single","0"
"Daniel","Edwards","Male","20","d.edwards@randatmail.com","023-8043-57","Lower secondary","Meteorologist","7","4810","Married","2"
"Miller","Morris","Male","30","m.morris@randatmail.com","010-3576-49","Upper secondary","Interpreter","6","5671","Single","2"
"Julia","Hill","Female","22","j.hill@randatmail.com","764-9354-42","Bachelor","Biochemist","0","4508","Married","5"
"Evelyn","Ferguson","Female","18","e.ferguson@randatmail.com","399-1745-60","Upper secondary","Electrician","7","9177","Married","4"
"Adison","Warren","Male","28","a.warren@randatmail.com","838-1450-82","Bachelor","Mechanic","12","4855","Single","4"
"Chester","Johnston","Male","28","c.johnston@randatmail.com","165-2904-62","Upper secondary","Geologist","9","5750","Single","1"
"Joyce","Hall","Female","24","j.hall@randatmail.com","304-3916-32","Doctoral","Dancer","11","1092","Married","2"
"Bruce","Cameron","Male","18","b.cameron@randatmail.com","803-9377-68","Doctoral","Driver","0","4769","Single","0"
"Edgar","Murphy","Male","28","e.murphy@randatmail.com","682-4066-62","Doctoral","Fashion Designer","3","6367","Married","2"
"Byron","Turner","Male","21","b.turner@randatmail.com","169-6350-91","Master","Interpreter","6","6069","Single","2"
"Abraham","Campbell","Male","20","a.campbell@randatmail.com","014-4873-24","Master","Scientist","8","6739","Single","4"
"Julian","Ellis","Male","28","j.ellis@randatmail.com","122-3526-20","Doctoral","Archeologist","10","3041","Single","4"
"Jared","Sullivan","Male","30","j.sullivan@randatmail.com","831-7191-34","Upper secondary","Interior Designer","2","9243","Single","3"
"Wilson","Morgan","Male","30","w.morgan@randatmail.com","447-0089-03","Doctoral","Biochemist","7","1880","Single","4"
"Ashton","Edwards","Male","19","a.edwards@randatmail.com","490-1325-11","Master","Lecturer","5","5834","Single","1"
"Melanie","Howard","Female","26","m.howard@randatmail.com","237-6692-03","Upper secondary","Auditor","6","4261","Married","1"
"Garry","Crawford","Male","29","g.crawford@randatmail.com","589-2605-43","Doctoral","Insurer","5","6830","Single","5"
"Grace","Ryan","Female","24","g.ryan@randatmail.com","238-2976-00","Bachelor","Manager","10","965","Married","2"
"Alen","Wells","Male","22","a.wells@randatmail.com","469-1476-10","Upper secondary","Veterinarian","7","8172","Married","5"
"Dainton","Morrison","Male","30","d.morrison@randatmail.com","030-6877-05","Master","Police Officer","13","2103","Single","1"
"Abigail","Alexander","Female","18","a.alexander@randatmail.com","844-0229-14","Doctoral","Engineer","5","2501","Single","0"
"Lenny","Warren","Male","23","l.warren@randatmail.com","558-5506-99","Master","Cook","1","7824","Married","1"
"Kristian","Hunt","Male","29","k.hunt@randatmail.com","687-6587-39","Primary","Carpenter","5","3800","Married","3"
"Savana","Riley","Female","28","s.riley@randatmail.com","790-7221-66","Doctoral","Mathematician","9","4497","Married","2"
"Emma","Kelly","Female","25","e.kelly@randatmail.com","306-4766-58","Primary","Architect","8","5813","Married","3"
"Kelsey","Owens","Female","29","k.owens@randatmail.com","992-9803-65","Doctoral","Singer","6","1821","Married","4"
"Frederick","Ross","Male","24","f.ross@randatmail.com","436-1201-87","Doctoral","Photographer","0","2233","Single","5"
"Daisy","Carter","Female","20","d.carter@randatmail.com","085-5177-70","Lower secondary","Salesman","3","8058","Married","0"
"Deanna","Sullivan","Female","21","d.sullivan@randatmail.com","110-0502-20","Primary","Veterinarian","2","8086","Married","1"
"Luke","Watson","Male","29","l.watson@randatmail.com","336-0617-31","Doctoral","Mathematician","12","9294","Married","2"
"Ashton","Wells","Male","30","a.wells@randatmail.com","710-9135-73","Lower secondary","Historian","3","733","Married","5"
"Martin","Reed","Male","30","m.reed@randatmail.com","374-0755-56","Bachelor","Photographer","2","6383","Married","0"
"Stuart","Dixon","Male","29","s.dixon@randatmail.com","564-6798-16","Doctoral","Cook","10","7040","Married","2"
"Eleanor","Cameron","Female","24","e.cameron@randatmail.com","007-8668-39","Doctoral","Mechanic","7","9247","Married","5"
"Mary","Spencer","Female","29","m.spencer@randatmail.com","894-4723-84","Doctoral","Photographer","2","3178","Married","5"
"Daisy","Turner","Female","30","d.turner@randatmail.com","443-4115-53","Primary","Architect","15","1311","Single","5"
"Florrie","Adams","Female","29","f.adams@randatmail.com","772-7955-93","Upper secondary","Fashion Designer","4","5459","Single","0"
"Chelsea","Myers","Female","21","c.myers@randatmail.com","343-4739-42","Primary","Manager","6","1678","Married","4"
"Sarah","Barnes","Female","28","s.barnes@randatmail.com","844-8879-85","Lower secondary","Veterinarian","12","2141","Married","3"
"Alexander","Warren","Male","30","a.warren@randatmail.com","305-9860-97","Primary","Aeroplane Pilot","10","7126","Single","2"
"John","Richardson","Male","26","j.richardson@randatmail.com","134-2477-31","Upper secondary","Auditor","0","2906","Married","1"
"Amber","Myers","Female","27","a.myers@randatmail.com","960-0528-33","Upper secondary","Carpenter","1","8888","Married","4"
"Jasmine","West","Female","19","j.west@randatmail.com","638-2272-43","Bachelor","Economist","9","2019","Single","1"
"Rafael","Sullivan","Male","20","r.sullivan@randatmail.com","721-7996-76","Master","Mechanic","5","3760","Single","4"
"Carl","Tucker","Male","20","c.tucker@randatmail.com","361-7031-91","Primary","Chemist","3","3338","Married","3"
"Emma","Morgan","Female","26","e.morgan@randatmail.com","060-3729-10","Doctoral","Firefighter","4","1799","Single","3"
"Paige","Turner","Female","26","p.turner@randatmail.com","639-5271-17","Upper secondary","Actor","2","3762","Single","5"
"Mike","Mason","Male","21","m.mason@randatmail.com","025-9032-52","Doctoral","Aeroplane Pilot","6","1539","Single","2"
"Patrick","Lloyd","Male","26","p.lloyd@randatmail.com","186-9290-26","Master","Agronomist","2","5080","Single","4"
"Victor","Harris","Male","24","v.harris@randatmail.com","113-5940-66","Primary","Fashion Designer","2","6059","Married","5"
"Lucy","Grant","Female","28","l.grant@randatmail.com","279-8899-36","Doctoral","Carpenter","1","547","Single","5"
"Justin","Bailey","Male","20","j.bailey@randatmail.com","026-9924-89","Doctoral","Interior Designer","7","8163","Married","3"
